item,itemLabel,startDate,endDate,psid
Q1281098,Craig Cannonier,2012-12-18,2014-05-19,Q1281098-631082D2-CCA6-4E6E-AD36-6E4CA9233904
Q1291036,Ewart Brown,2006-10-30,2010-10-29,Q1291036-FEF4B4AB-6669-4814-A896-F3AA4FB4EFA2
Q16588777,David Gibbons,1977-08-30,1982-01-15,Q16588777-0D8479D1-6BB8-4E89-A125-E178C74A4143
Q17427995,John Henry Sharpe,1975-12-29,1977-08-30,Q17427995-7D2A66AC-58BA-4368-982C-720CEE03EA1A
Q17626860,Michael Dunkley,2014-05-19,2017-07-19,Q17626860-9245A6DB-4B93-45F2-9B5D-B4347190B9ED
Q22959282,Pamela Gordon,1997-03-27,1998-11-10,Q22959282-81E43FE8-3815-401C-80EA-E2840700E9D2
Q28497658,David Saul,1995-08-25,1997-03-27,Q28497658-295E5DAC-A313-47B4-87A4-EA9ACC090BF4
Q3082392,Paula Cox,2010-10-29,2012-12-18,Q3082392-004B40E9-9DA9-4540-A3BD-4F64FFB07DA5
Q3182553,John Swan,1982-01-15,1995-08-25,Q3182553-9D04C453-3049-42E8-B1BA-C5CE3FEC2422
Q33120852,E. David Burt,2017-07-19,,Q33120852-8866BB52-AA67-4EBE-AB02-7CA2CF414C4B
Q6178578,Jennifer M. Smith,1998-11-10,2003-07-29,Q6178578-76EC74E6-E80E-442B-A073-8998B7B0ABB5
Q8004288,William Alexander Scott,2003-07-29,2006-10-30,Q8004288-0E9B17C1-F92F-4847-ADB1-45D953A1DBB9
