item,itemLabel,startDate,endDate
Q5729335,Sir Henry Tucker,1968-06-10,1971-12-29
Q5345044,Sir Edward Richards,1971-12-29,1973-04-18
Q5345044,Sir Edward Richards,1973-04-18,1975-12-29
Q17427995,John Sharpe,1975-12-29,1977-08-30
Q16588777,David Gibbons,1977-08-30,1982-01-15
Q3182553,John Swan,1982-01-15,1995-08-25
Q28497658,David Saul,1995-08-25,1997-03-27
Q22959282,Pamela Gordon,1997-03-27,1998-11-10
Q6178578,Jennifer Smith,1998-11-10,2003-07-29
Q8004288,Alex Scott,2003-07-29,2006-10-30
Q1291036,Ewart Brown,2006-10-30,2010-10-29
Q3082392,Paula Cox,2010-10-29,2012-12-18
Q1281098,Craig Cannonier,2012-12-18,2014-05-19
Q17626860,Michael Dunkley,2014-05-19,2017-07-19
Q33120852,Edward David Burt,2017-07-19,
